gamma,lambda,avg_return
.99,.93,141.84359673024522
.99,.94,94.28774099672609
.99,.95,77.66596385542168
.99,.96,117.26502242152466
.99,.97,76.3853672985782
.99,.98,149.06518010291595
.98,.93,129.74662668665667
.98,.94,179.20260095824779
.98,.95,137.03333333333333
.98,.96,106.18238213399503
.98,.97,130.66866866866866
.98,.98,126.54571984435798
.97,.93,99.5
.97,.94,71.75
.97,.95,81.8607233502538
.97,.96,120.91987031032886
.97,.97,83.50880626223092
.97,.98,81.95244134432467
